source,pagePath,visits
facebook.com,/,1
(direct),/gtuadmissionhelpline-team,1
(direct),/merit-calculator,1
(direct),/,2
facebook.com,/,5
google,/,1
yahoo,/,1
(direct),/,7
facebook.com,/,4
google,/,5
facebook.com,/,1
google,/bindingcollegedetails.php,1
google,/,2
yahoo,/,1
(direct),/,1
facebook.com,/,1
google,/,5
facebook.com,/,1
google,/ourteam.php,1
google,/bindingcollegedetails.php,1
google,/newmpharmcollege.php,1
google,/search.php,1
google,/search2.php,1
google,/,3
(direct),/search3.php,1
(direct),/,1
google,/bindingcollegedetails.php,2
google,/,4
google,/engineering-admission-possibilities,1
google,/,2
m.facebook.com,/,1
google,/bindingmpharmcollege.php,1
google,/search.php,1
google,/,2
(direct),/,1
google,/bindingcollegedetails.php,1
google,/meritcalc.php,1
google,/,3
(direct),/,2
ask,/,1
google,/,1
(direct),/advertisewithus,1
google,/search2.php,1